title,text,link,source
Iranian leader calls missile attack a 'slap' at US bases,"TEHRAN, Iran (AP) — Iran struck back at the United States early Wednesday for killing its most powerful military commander, firing a barrage of ballistic missiles ...",The Associated Press,https://www.news.google.com/./articles/CAIiEADmyaibul1_k6ML4yNGq3sqFwgEKg8IACoHCAowhO7OATDh9Cgwu4lR?hl=en-PK&gl=PK&ceid=PK%3Aen
Iran’s Supreme Leader Ayatollah Ali Khamenei Calls Missile Strike A ‘Slap’ At U.S.,"Topline: Iran's Supreme Leader, Ayatollah Ali Khamenei, has hinted at further attacks hours after retaliatory missile attacks on U.S.-led forces in Iraq on ...",Forbes,https://www.news.google.com/./articles/CAIiEOPZJHgx7mi8KoxQnTQvqvAqFQgEKg0IACoGCAowrqkBMKBFMJGBAg?hl=en-PK&gl=PK&ceid=PK%3Aen
Iran sending messages to militias not to attack US targets – latest updates,"""We're receiving some encouraging intelligence that Iran is sending messages to those very same militias not to move against American targets or civilians, and ...",TRT World,https://www.news.google.com/./articles/CAIiEPybg-K0iJ2Cb0GCFUb3OdIqGQgEKhAIACoHCAowtKb8CjD05IgDMKDU-QU?hl=en-PK&gl=PK&ceid=PK%3Aen
Pelosi says House will vote Thursday on measure to limit Trump's military actions regarding Iran,"Addressing the nation from the White House, President Trump said an Iranian strike caused only “minimal damage” at two Iraqi bases housing U.S. military ...",The Washington Post,https://www.news.google.com/./articles/CAIiEIaqk9xwqy3o_ELy7ceHIAgqGAgEKg8IACoHCAowjtSUCjC30XQwzqe5AQ?hl=en-PK&gl=PK&ceid=PK%3Aen
3 Hours From Alert to Attacks: Inside the Race to Protect U.S. Forces From Iran Strikes,"Intelligence that foreshadowed the Iranian attack set off a tense, often confusing afternoon in the White House Situation Room.",The New York Times,https://www.news.google.com/./articles/CAIiEODitScVUiHT08h8RTB69CoqFwgEKg8IACoHCAowjuuKAzCWrzwwloEY?hl=en-PK&gl=PK&ceid=PK%3Aen
Iran Supreme Leader calls missile attack “a slap in the face” to America | Watch News Videos Online,"After Iran stuck back at the United States, Iran's leader Ayatollah Khamenei said that Iran gave the United States 'a slap in the face'. He also stated that the US ...",Globalnews.ca,https://www.news.google.com/./articles/CBMiamh0dHBzOi8vZ2xvYmFsbmV3cy5jYS92aWRlby82MzgwODk3L2lyYW4tc3VwcmVtZS1sZWFkZXItY2FsbHMtbWlzc2lsZS1hdHRhY2stYS1zbGFwLWluLXRoZS1mYWNlLXRvLWFtZXJpY2HSAQA?hl=en-PK&gl=PK&ceid=PK%3Aen
Top cleric urges supporters not to attack US as Donald Trump says regime has backed down,"A senior Iraqi cleric has urged supporters not to attack the United States, shortly after Donald Trump said Iran appeared to be backing down from its bellicose ...",The Telegraph,https://www.news.google.com/./articles/CAIiEDvSzUkJl6W1nK_p7KcFbHMqFggEKg4IACoGCAowm6R6MMKqCTCfrxU?hl=en-PK&gl=PK&ceid=PK%3Aen
"U.S. Strike in Iraq Kills Qassim Suleimani, Commander of Iranian Forces","WEST PALM BEACH, Fla. — Iran's top security and intelligence commander was killed early Friday in a drone strike at Baghdad International Airport that was ...",The New York Times,https://www.news.google.com/./articles/CAIiEOcoyA_4GiP0REeB0KzzTawqFwgEKg8IACoHCAowjuuKAzCWrzwwt4QY?hl=en-PK&gl=PK&ceid=PK%3Aen
The Latest: Iran calls missile attack 'self-defense',"TEHRAN, Iran (AP) — The latest on U.S.-Iran tensions in the wake of the U.S. airstrike that killed Iran's top general (all times local):. 6:05 a.m.. Iran's foreign ...",WTMJ,https://www.news.google.com/./articles/CBMiV2h0dHBzOi8vd3Rtai5jb20vbmF0aW9uYWwvMjAyMC8wMS8wNy90aGUtbGF0ZXN0LWlyYW4tY2FsbHMtbWlzc2lsZS1hdHRhY2stc2VsZi1kZWZlbnNlL9IBAA?hl=en-PK&gl=PK&ceid=PK%3Aen
The Killing of Gen. Qassim Suleimani: What We Know Since the U.S. Airstrike,"Iran's supreme leader, Ayatollah Ali Khamenei, promised retaliation. The U.S. moved to send more troops to the Middle East. And a deluge of threats on social ...",The New York Times,https://www.news.google.com/./articles/CAIiEOUcivdABjqAC6TtSkV_hQ4qFwgEKg8IACoHCAowjuuKAzCWrzww5oEY?hl=en-PK&gl=PK&ceid=PK%3Aen
Iran strikes back at US with missile attack on bases in Iraq,The Pentagon confirmed that Iran launched ballistic missiles at two targets hosting U.S. military and coalition forces in Iraq.,KLTV,https://www.news.google.com/./articles/CBMibWh0dHBzOi8vd3d3LmtsdHYuY29tLzIwMjAvMDEvMDcvaXJhbi1ndWFyZC1sZWFkZXItdGhyZWF0ZW5zLXNldC1hYmxhemUtdXMtYmFja2VkLXBsYWNlcy10b3AtZ2VuZXJhbHMtZnVuZXJhbC_SAXxodHRwczovL3d3dy5rbHR2LmNvbS8yMDIwLzAxLzA3L2lyYW4tZ3VhcmQtbGVhZGVyLXRocmVhdGVucy1zZXQtYWJsYXplLXVzLWJhY2tlZC1wbGFjZXMtdG9wLWdlbmVyYWxzLWZ1bmVyYWwvP291dHB1dFR5cGU9YW1w?hl=en-PK&gl=PK&ceid=PK%3Aen
Iraq's PM Adel Abdul Mahdi says 'urgent measures' should be taken to remove foreign forces - The,ISTANBUL — Iran said Sunday that it is suspending its commitments under the 2015 nuclear deal it had struck with world powers and will abandon the accord's ...,The Washington Post,https://www.news.google.com/./articles/CAIiEBZbFHUBJSU_7U78Jouq5sQqGAgEKg8IACoHCAowjtSUCjC30XQwn6G5AQ?hl=en-PK&gl=PK&ceid=PK%3Aen
Iran Ends Nuclear Limits as Killing of Iranian General Upends Mideast,"BAGHDAD — The consequences of the American killing of a top Iranian general rippled across the Middle East and beyond on Sunday, with Iran all but ...",The New York Times,https://www.news.google.com/./articles/CAIiEO2xxcgTyDK7CO6h0yL3yrgqFwgEKg8IACoHCAowjuuKAzCWrzwwt4QY?hl=en-PK&gl=PK&ceid=PK%3Aen
Iran's Khamenei calls missile attacks on US forces in Iraq 'slap across Americans',Iranian Supreme Leader Ayatollah Ali Khamenei on Wednesday called an overnight missile strike on military bases where U.S. troops are stationed in Iraq a ...,Ynetnews,https://www.news.google.com/./articles/CBMiKmh0dHBzOi8vd3d3LnluZXRuZXdzLmNvbS9hcnRpY2xlL0JKUms2Ym1nVdIBAA?hl=en-PK&gl=PK&ceid=PK%3Aen
US drone strike ordered by Trump kills top Iranian commander in Baghdad,"The commander of Iran's Quds Froce has been killed in a United States strike ordered by President Donald Trump and aimed at ""deterring future Iranian attack ...",CNN,https://www.news.google.com/./articles/CAIiEESLl6atXR9NfpRt7oQ4kD0qGQgEKhAIACoHCAowocv1CjCSptoCMPrTpgU?hl=en-PK&gl=PK&ceid=PK%3Aen
Iraqi leader faces tricky balancing act as main allies confront one another,Iraqi Prime Minister Adel Abdul Mahdi on Wednesday urged Washington and Tehran to show restraint following Iranian missile attacks on U.S. troops in Iraq as ...,Reuters,https://www.news.google.com/./articles/CBMif2h0dHBzOi8vd3d3LnJldXRlcnMuY29tL2FydGljbGUvdXMtaXJhcS1zZWN1cml0eS1nb3Zlcm5tZW50L2lyYXFpLXBtLXJlY2VpdmVkLXdvcmQtZnJvbS1pcmFuLWFib3V0LW1pc3NpbGUtYXR0YWNrLWlkVVNLQk4xWjcxRljSATRodHRwczovL21vYmlsZS5yZXV0ZXJzLmNvbS9hcnRpY2xlL2FtcC9pZFVTS0JOMVo3MUZY?hl=en-PK&gl=PK&ceid=PK%3Aen
Iran supreme leader calls strike a 'slap' at US,Iranian Supreme Leader Ayatollah Ali Khamenei in an address to the nation on Jan. 8 says “we slapped them (Americans) on the face last night” with a missile ...,Hurriyet Daily News,https://www.news.google.com/./articles/CBMiVWh0dHA6Ly93d3cuaHVycml5ZXRkYWlseW5ld3MuY29tL2lyYW4tc3VwcmVtZS1sZWFkZXItY2FsbHMtc3RyaWtlLWEtc2xhcC1hdC11cy0xNTA3MjDSAVlodHRwOi8vd3d3Lmh1cnJpeWV0ZGFpbHluZXdzLmNvbS9hbXAvaXJhbi1zdXByZW1lLWxlYWRlci1jYWxscy1zdHJpa2UtYS1zbGFwLWF0LXVzLTE1MDcyMA?hl=en-PK&gl=PK&ceid=PK%3Aen
Iran Fires Missiles at 2 Iraqi Air Bases Housing US Forces,"Iran fired more than dozen ballistic missiles early Wednesday targeting two Iraqi air bases that house U.S. troops, a move that came after Iranian leaders ...",VOA News,https://www.news.google.com/./articles/CAIiEIbS6zWgg19RXfdAEJFgexAqGAgEKg8IACoHCAowqc_1ATCe_xQwo5u1Bg?hl=en-PK&gl=PK&ceid=PK%3Aen
"Iran’s Military Response May Be ‘Concluded,’ but Cyberwarfare Threat Grows","Cybersecurity experts are seeing malicious activity from pro-Iranian forces, and warning that Iran has the capacity to do real damage to American computer ...",The New York Times,https://www.news.google.com/./articles/CAIiEP7UyluVnMYjprZUmJW3jqAqFwgEKg8IACoHCAowjuuKAzCWrzwwt4QY?hl=en-PK&gl=PK&ceid=PK%3Aen
Rock-throwing Iran-backed militias quit US embassy in Iraq after protests,"Supporters of Iran-backed Iraqi paramilitary groups began to withdraw from the U.S. embassy in Baghdad on Wednesday, a day after they stormed the outer ...",CNBC,https://www.news.google.com/./articles/CAIiED5E5E5t7QHoKI0RFaoHe00qGQgEKhAIACoHCAow2Nb3CjDivdcCMP3ungY?hl=en-PK&gl=PK&ceid=PK%3Aen
"Putin, Erdogan Call for De-Escalation After Iran Missile Attack","Hours after Iran fired missiles at U.S. soldiers in Iraqi military bases, Russian President Vladimir Putin and Turkish President Recep Tayyip Erdogan called for a ...",The Epoch Times,https://www.news.google.com/./articles/CAIiELjPi6_EP0cJtC3DdC21Go8qFwgEKg8IACoHCAow5uLNATDi2ycw0vxO?hl=en-PK&gl=PK&ceid=PK%3Aen
Iranian leaders give mixed signals on demands following missile attacks on bases housing US forces | TheHill,Iran's president and foreign minister are putting out mixed messages over whether Tehran is looking to escalate tensions with the U.S. following Iranian strikes ...,The Hill,https://www.news.google.com/./articles/CBMid2h0dHBzOi8vdGhlaGlsbC5jb20vcG9saWN5L2ludGVybmF0aW9uYWwvNDc3Mjc5LWlyYW5pYW4tbGVhZGVycy1naXZlLW1peGVkLXNpZ25hbHMtb24tZGVtYW5kcy1mb2xsb3dpbmctbWlzc2lsZS1hdHRhY2tz0gF7aHR0cHM6Ly90aGVoaWxsLmNvbS9wb2xpY3kvaW50ZXJuYXRpb25hbC80NzcyNzktaXJhbmlhbi1sZWFkZXJzLWdpdmUtbWl4ZWQtc2lnbmFscy1vbi1kZW1hbmRzLWZvbGxvd2luZy1taXNzaWxlLWF0dGFja3M_YW1w?hl=en-PK&gl=PK&ceid=PK%3Aen
Iran-US attack in Iraq: Guterres pledges 'active engagement' in further de-escalation efforts,"In the wake of an Iranian ballistic missile attack on air bases which house US forces in Iraq, the UN Secretary-General said on Wednesday that he would ...",UN News,https://www.news.google.com/./articles/CBMiLGh0dHBzOi8vbmV3cy51bi5vcmcvZW4vc3RvcnkvMjAyMC8wMS8xMDU0OTYx0gEA?hl=en-PK&gl=PK&ceid=PK%3Aen
'I'll call him back': Pelosi puts House business first as Pence calls about Iranian ballistic missile attack on Iraqi bases,House Speaker Nancy Pelosi was huddling with Democratic colleagues when she was alerted of the missile attack on Iraqi bases that host U.S. troops.,Washington Examiner,https://www.news.google.com/./articles/CBMiiwFodHRwczovL3d3dy53YXNoaW5ndG9uZXhhbWluZXIuY29tL25ld3MvaWxsLWNhbGwtaGltLWJhY2stcGVsb3NpLXB1dHMtaG91c2UtYnVzaW5lc3MtZmlyc3QtYXMtcGVuY2UtY2FsbHMtYWJvdXQtbWlzc2lsZS1hdHRhY2stb24taXJhcS1iYXNl0gEA?hl=en-PK&gl=PK&ceid=PK%3Aen
Kurdish leaders call for de-escalation following Iranian missile attacks,"ERBIL, Kurdistan Region – The Kurdistan Region's most senior leadership has urged parties involved in US-Iran tensions to conduct dialogue and prevent ...",Rudaw Media Network,https://www.news.google.com/./articles/CBMiMWh0dHBzOi8vd3d3LnJ1ZGF3Lm5ldC9lbmdsaXNoL2t1cmRpc3Rhbi8wODAxMjAyMDHSAQA?hl=en-PK&gl=PK&ceid=PK%3Aen
"Iran, Boeing 737, Carlos Ghosn: Your Wednesday Briefing",(Want to get this briefing by email? Here's the sign-up.) Good morning. We're covering Iran's retaliatory strikes against the U.S. and a deadly plane crash outside ...,The New York Times,https://www.news.google.com/./articles/CAIiEC8OjuH7nk5mXQytPkcX_bkqFwgEKg8IACoHCAowjuuKAzCWrzww5oEY?hl=en-PK&gl=PK&ceid=PK%3Aen
China calls for calm after Iran’s top military leader killed in US attack,"Beijing 'highly concerned' about escalating tensions in the Middle East and urges all sides, especially the US, to exercise restraint.",South China Morning Post,https://www.news.google.com/./articles/CAIiEN56tnlMuFno5TITrAv5dPoqGQgEKhAIACoHCAowief2CjCJ2dUCMKqaxwU?hl=en-PK&gl=PK&ceid=PK%3Aen
US Secretary of Defence calls COAS after Iran missile attack,Chief of Army Staff (COAS) General Qajar Bajwa received telephone call from US Secretary of Defence Mr Dr. Mark T. Esper. According to the Inter *service* ...,BOL News,https://www.news.google.com/./articles/CBMiZmh0dHBzOi8vd3d3LmJvbG5ld3MuY29tL3Bha2lzdGFuLzIwMjAvMDEvdXMtc2VjcmV0YXJ5LW9mLWRlZmVuY2UtY2FsbHMtY29hcy1hZnRlci1pcmFuLW1pc3NpbGUtYXR0YWNrL9IBamh0dHBzOi8vd3d3LmJvbG5ld3MuY29tL3Bha2lzdGFuLzIwMjAvMDEvdXMtc2VjcmV0YXJ5LW9mLWRlZmVuY2UtY2FsbHMtY29hcy1hZnRlci1pcmFuLW1pc3NpbGUtYXR0YWNrLz9hbXA?hl=en-PK&gl=PK&ceid=PK%3Aen
Revealed: David Miliband called off SAS strike on Iranian General Qassim Soleimani in 2007,The SAS planned to assassinate Iranian military chief Qassim Soleimani during the Iraq War but were stopped by a personal intervention from Labour foreign ...,The Telegraph,https://www.news.google.com/./articles/CAIiEBm4YR7iAH4SRAwyBra7FkYqFggEKg4IACoGCAowm6R6MMKqCTCfrxU?hl=en-PK&gl=PK&ceid=PK%3Aen
The Latest: Turkish foreign minister to visit Iraq Thursday,"Turkey's foreign minister will visit Iraq on Thursday as part of diplomatic efforts to “alleviate the escalated tension"" in the region, a ministry statement said.",Coeur d'Alene Press,https://www.news.google.com/./articles/CBMiNmh0dHBzOi8vd3d3LmNkYXByZXNzLmNvbS9hcnRpY2xlLzIwMjAwMTA4L0FQLzMwMTA4OTk5NNIBAA?hl=en-PK&gl=PK&ceid=PK%3Aen
Japan calls for easing of Middle East tensions,"TEHRAN, Iran (AP) — The latest on U.S.-Iran tensions in the wake of the U.S. airstrike that killed Iran's top general (all times local): 7:40 a.m. Japan says it will ...",WIAT - CBS42.com,https://www.news.google.com/./articles/CBMiVmh0dHBzOi8vd3d3LmNiczQyLmNvbS9uZXdzL2lyYW4tc3RhdGUtdHYtdGVocmFuLWZpcmVzLWF0LWlyYXFpLWJhc2UtaG91c2luZy11cy10cm9vcHMv0gFaaHR0cHM6Ly93d3cuY2JzNDIuY29tL25ld3MvaXJhbi1zdGF0ZS10di10ZWhyYW4tZmlyZXMtYXQtaXJhcWktYmFzZS1ob3VzaW5nLXVzLXRyb29wcy9hbXAv?hl=en-PK&gl=PK&ceid=PK%3Aen
Hezbollah Leader Calls for Attacks on US Bases in Region After Iran General’s Death,The leader of the Iran-backed Hezbollah called on Shiite militias in the Middle East to attack American military assets.,The Epoch Times,https://www.news.google.com/./articles/CAIiEB451MzwzyZih0k7y7UxyKIqFwgEKg8IACoHCAow5uLNATDi2ycw3vRO?hl=en-PK&gl=PK&ceid=PK%3Aen
McConnell: Strikes Show ‘Growing Threat’ of Iran’s Missile Program,"Iranian missile strikes against bases in Iraq highlight the ""growing threat"" of Iran's missile program, Senate Majority Leader Mitch McConnell said.",The Epoch Times,https://www.news.google.com/./articles/CAIiEFq2ecUNQMcAVj__p7Dv4Z4qFwgEKg8IACoHCAow5uLNATDi2ycw3vRO?hl=en-PK&gl=PK&ceid=PK%3Aen
Iran launches ballistic missiles at US bases in Iraq,"IRAN has struck back at the United States for killing a top Revolutionary Guard commander, firing ballistic missiles at two military bases in Iraq…",The National,https://www.news.google.com/./articles/CBMiWmh0dHBzOi8vd3d3LnRoZW5hdGlvbmFsLnNjb3QvbmV3cy8xODE0NTAxMi5pcmFuLWxhdW5jaGVzLWJhbGxpc3RpYy1taXNzaWxlcy11cy1iYXNlcy1pcmFxL9IBAA?hl=en-PK&gl=PK&ceid=PK%3Aen
China urges restraint after Iran missile attacks,"China on Wednesday urged restraint from all sides after Iran launched missiles at Iraqi bases housing US and British troops, saying Beijing would play a ...",Raw Story,https://www.news.google.com/./articles/CBMiUmh0dHBzOi8vd3d3LnJhd3N0b3J5LmNvbS8yMDIwLzAxL2NoaW5hLXVyZ2VzLXJlc3RyYWludC1hZnRlci1pcmFuLW1pc3NpbGUtYXR0YWNrcy_SAVZodHRwczovL3d3dy5yYXdzdG9yeS5jb20vMjAyMC8wMS9jaGluYS11cmdlcy1yZXN0cmFpbnQtYWZ0ZXItaXJhbi1taXNzaWxlLWF0dGFja3MvYW1wLw?hl=en-PK&gl=PK&ceid=PK%3Aen
Iran vows revenge for US attack that killed powerful general,"Iran promised to seek revenge for a U.S. airstrike near Baghdad's airport that killed the mastermind of its interventions across the Middle East, and the U.S. said ...",Tacoma News Tribune,https://www.news.google.com/./articles/CAIiEOOn2iIiB861DSVcMD-Ti3sqGQgEKhAIACoHCAowy9mECzCqx4EDMMr3gwY?hl=en-PK&gl=PK&ceid=PK%3Aen
"AP Explains: Rising Iran, US tension after general's killing","The U.S. airstrike that killed a prominent Iranian general in Baghdad raises tensions even higher between Tehran and Washington, after months of trading ...",Minneapolis Star Tribune,https://www.news.google.com/./articles/CBMiYGh0dHA6Ly93d3cuc3RhcnRyaWJ1bmUuY29tL2FwLWV4cGxhaW5zLXJpc2luZy1pcmFuLXVzLXRlbnNpb24tYWZ0ZXItZ2VuZXJhbC1zLWtpbGxpbmcvNTY2NjgwNjAxL9IBAA?hl=en-PK&gl=PK&ceid=PK%3Aen
Pompeo Calls Attacks on Saudi Arabia ‘Act of War’ and Seeks Coalition to Counter Iran,"Secretary of State Mike Pompeo accused Iran on Wednesday of carrying out an “act of war” with aerial strikes on oil facilities in Saudi Arabia last weekend, as he ...",The New York Times,https://www.news.google.com/./articles/CAIiEFTxRPhb1kpiCjB2RFWaooYqFwgEKg8IACoHCAowjuuKAzCWrzww9oEY?hl=en-PK&gl=PK&ceid=PK%3Aen
An Abrupt Move That Stunned Aides: Inside Trump’s Aborted Attack on Iran,"WASHINGTON — By the time President Trump met with congressional leaders on the afternoon of June 20, he had already decided to retaliate against Iran for ...",The New York Times,https://www.news.google.com/./articles/CAIiEKqnScmjnarklf2jTKma8UQqFwgEKg8IACoHCAowjuuKAzCWrzwwt4QY?hl=en-PK&gl=PK&ceid=PK%3Aen
Saudi oil attack: All the latest updates,Turkish President Erdogan says Ankara will continue its relations with Tehran despite US sanctions on Islamic Republic.,Al Jazeera English,https://www.news.google.com/./articles/CAIiEPVn_0He-wkx81aYfamp2YYqFAgEKgwIACoFCAowhgIwkDgw0O8B?hl=en-PK&gl=PK&ceid=PK%3Aen
Iran-backed Iraqi militia vows revenge to US strikes,"An Iranian-backed Iraqi militia vowed Monday to retaliate for U.S. military strikes in Iraq and Syria that killed 25 of its fighters and wounded dozens, raising ...",The Spokesman-Review,https://www.news.google.com/./articles/CBMiYWh0dHBzOi8vd3d3LnNwb2tlc21hbi5jb20vc3Rvcmllcy8yMDE5L2RlYy8zMC9pcmFuLWJhY2tlZC1pcmFxaS1taWxpdGlhLXZvd3MtcmV2ZW5nZS10by11cy1zdHJpay_SAXBodHRwOi8vd3d3LnNwb2tlc21hbi5jb20vc3Rvcmllcy8yMDE5L2RlYy8zMC9pcmFuLWJhY2tlZC1pcmFxaS1taWxpdGlhLXZvd3MtcmV2ZW5nZS10by11cy1zdHJpay8_YW1wLWNvbnRlbnQ9YW1w?hl=en-PK&gl=PK&ceid=PK%3Aen
"Strikes on Iran Approved by Trump, Then Abruptly Pulled Back","WASHINGTON — President Trump approved military strikes against Iran in retaliation for downing an American surveillance drone, but pulled back from ...",The New York Times,https://www.news.google.com/./articles/CAIiEBWBrtUQ01JOiKkTEAy6AKsqFwgEKg8IACoHCAowjuuKAzCWrzwwt4QY?hl=en-PK&gl=PK&ceid=PK%3Aen
"After calling off strikes on Iran, Trump suggests patience",WASHINGTON (AP) — President Donald Trump said Friday he abruptly called off the swiftly planned military strikes on Iran because the likely deaths of 150 ...,The Associated Press,https://www.news.google.com/./articles/CAIiEDw-l6R6dmWiTaH71ZWUbrgqFwgEKg8IACoHCAowhO7OATDh9Cgwu4lR?hl=en-PK&gl=PK&ceid=PK%3Aen
"At UN, Trump slams Iran's attack on Saudi oil fields and their 'bloodlust' regime","UNITED NATIONS — President Donald Trump slammed Iran's alleged role in the attacks on Saudi oil facilities, telling world leaders at the U.N. General ...",CNBC,https://www.news.google.com/./articles/CAIiENWqay2nkEWEPfTexd8aYH8qGQgEKhAIACoHCAow2Nb3CjDivdcCMP3ungY?hl=en-PK&gl=PK&ceid=PK%3Aen
Boris Johnson calls for 'Trump deal' to fix Iran nuclear standoff,"Boris Johnson has sided with Donald Trump in calling the 2015 nuclear agreement with Iran a “bad deal”, while praising the US president as a “very brilliant ...",The Guardian,https://www.news.google.com/./articles/CAIiEJ3hV2BHxP5QyrGBQUGitxEqFwgEKg4IACoGCAowl6p7MN-zCTDZ4PsF?hl=en-PK&gl=PK&ceid=PK%3Aen
Attack on Saudi Oil Facilities Tests U.S. Guarantee to Defend Gulf,The American hesitation to take military action may signal a weakening of its commitment to protect the Arab Persian Gulf and could embolden Iran.,The New York Times,https://www.news.google.com/./articles/CAIiEBzRrfs2W_DOCU8_g9SLqhIqFwgEKg8IACoHCAowjuuKAzCWrzwwqIQY?hl=en-PK&gl=PK&ceid=PK%3Aen
World Split as Iran Commences 'Retaliation' for General Soleimani's Murder by US Forces,Iran has gone through with its promise to retaliate for the death of Quds Force commander General Qasem Soleimani by launching a massive missile attack on ...,Sputnik International,https://www.news.google.com/./articles/CAIiED81ZgxqsIFlv0qjGdv8DdQqGQgEKhAIACoHCAowvcuECzDVuIEDMI_twAY?hl=en-PK&gl=PK&ceid=PK%3Aen
Company says work delay possible as it seeks meeting over B.C...,"SMITHERS, B.C. — A company building a natural gas pipeline though northwestern British Columbia says it could delay work in an area at the centre of a.",Todayville.com,https://www.news.google.com/./articles/CBMiamh0dHBzOi8vd3d3LnRvZGF5dmlsbGUuY29tL2NvbXBhbnktc2F5cy13b3JrLWRlbGF5LXBvc3NpYmxlLWFzLWl0LXNlZWtzLW1lZXRpbmctb3Zlci1iLWMtcGlwZWxpbmUtZGlzcHV0ZS_SAQA?hl=en-PK&gl=PK&ceid=PK%3Aen
The Secret History of the Push to Strike Iran,Hawks in Israel and America have spent more than a decade agitating for war against the Islamic Republic's nuclear program. Will Trump finally deliver?,The New York Times,https://www.news.google.com/./articles/CAIiEP7kFUFUM7fIm5jCv38IbLoqFwgEKg8IACoHCAowjuuKAzCWrzww94UY?hl=en-PK&gl=PK&ceid=PK%3Aen
Trump warns Iran of ‘overwhelming force’ in the event of an attack on ‘anything American’,DUBAI — President Trump on Tuesday warned Iran that any attack on “anything American” would be met with “great and overwhelming force” after Iranian ...,The Washington Post,https://www.news.google.com/./articles/CAIiEMSjR5IlTOHfZQiob_pYU8IqGAgEKg8IACoHCAowjtSUCjC30XQwzqe5AQ?hl=en-PK&gl=PK&ceid=PK%3Aen
The latest on the Saudi oil attacks,"US investigators have determined ""with very high probability"" that the attack on the Saudi oil industry came from an Iranian base, according to a source. Follow ...",CNN International,https://www.news.google.com/./articles/CBMiUWh0dHBzOi8vd3d3LmNubi5jb20vbWlkZGxlZWFzdC9saXZlLW5ld3Mvc2F1ZGktb2lsLWF0dGFjay1pcmFuaWFuLWJhc2UvaW5kZXguaHRtbNIBVWh0dHBzOi8vYW1wLmNubi5jb20vY25uL21pZGRsZWVhc3QvbGl2ZS1uZXdzL3NhdWRpLW9pbC1hdHRhY2staXJhbmlhbi1iYXNlL2luZGV4Lmh0bWw?hl=en-PK&gl=PK&ceid=PK%3Aen
Putin aims a weaponised barb at Trump over Saudi attack – and hits the mark,Russian President Vladimir Putin joked this week about selling defense systems to Riyadh following weekend attacks on Saudi oil facilities. The gag was aimed ...,FRANCE 24 English,https://www.news.google.com/./articles/CAIiECWFr8Enuq1CHRnnmxqc1rUqGQgEKhAIACoHCAowwrSiCTCFgpgCMPjU3wM?hl=en-PK&gl=PK&ceid=PK%3Aen
Saudi oil attacks: Nato chief 'extremely concerned' about escalation,The head of the Nato military alliance has said he is extremely concerned that tensions will escalate after an attack on Saudi oil facilities. Jens Stoltenberg also ...,BBC News,https://www.news.google.com/./articles/CBMiM2h0dHBzOi8vd3d3LmJiYy5jb20vbmV3cy93b3JsZC1taWRkbGUtZWFzdC00OTcyMTMwMdIBN2h0dHBzOi8vd3d3LmJiYy5jb20vbmV3cy9hbXAvd29ybGQtbWlkZGxlLWVhc3QtNDk3MjEzMDE?hl=en-PK&gl=PK&ceid=PK%3Aen
U.S. and Iran Tensions Are Escalating: How We Got to This Point,"Tensions between the United States and Iran have soared in recent weeks, with Washington dispatching warships and bombers around the Persian Gulf, and ...",Fortune,https://www.news.google.com/./articles/CBMiNGh0dHBzOi8vZm9ydHVuZS5jb20vMjAxOS8wNi8xMy9pcmFuLXVzLXNoaXBzLWF0dGFjay_SAThodHRwczovL2ZvcnR1bmUuY29tLzIwMTkvMDYvMTMvaXJhbi11cy1zaGlwcy1hdHRhY2svYW1wLw?hl=en-PK&gl=PK&ceid=PK%3Aen
Saudi Arabia oil attacks: US to deploy thousands of extra troops,"The Pentagon has announced the deployment of thousands of additional troops to ""enhance the defence of Saudi Arabia"". US Secretary of Defence Mark Esper ...",BBC News,https://www.news.google.com/./articles/CBMiMWh0dHBzOi8vd3d3LmJiYy5jb20vbmV3cy93b3JsZC11cy1jYW5hZGEtNTAwMjExMzjSATVodHRwczovL3d3dy5iYmMuY29tL25ld3MvYW1wL3dvcmxkLXVzLWNhbmFkYS01MDAyMTEzOA?hl=en-PK&gl=PK&ceid=PK%3Aen
Here’s what a US-Iran war would look like after Soleimani strike,"Trump has threatened military action on Iran, leading some to fear war. Here's what that Washington-Tehran fight would looks like.",Vox.com,https://www.news.google.com/./articles/CAIiEKBX5XAZnnsh3Yqe_yvi9kEqGAgEKg8IACoHCAowlOzSATCaiDUw1aKsBQ?hl=en-PK&gl=PK&ceid=PK%3Aen
MBS tells Trump Saudi 'willing and able' to respond to attacks,US leader ready to work with kingdom on security as Pompeo accuses Iran of direct involvement in Houthi-claimed attacks.,Al Jazeera English,https://www.news.google.com/./articles/CAIiEDKcg-onkth2jPW3zYfdvnoqFAgEKgwIACoFCAowhgIwkDgw0O8B?hl=en-PK&gl=PK&ceid=PK%3Aen
Iran's audacious Saudi attack will require Israel to upgrade its missile defense,The precision and effectiveness of Iran's strike on Saudi oil fields put Israel's strategic infrastructure in danger.,Haaretz,https://www.news.google.com/./articles/CBMijAFodHRwczovL3d3dy5oYWFyZXR6LmNvbS9taWRkbGUtZWFzdC1uZXdzLy5wcmVtaXVtLWlyYW4tcy1hdWRhY2lvdXMtc2F1ZGktYXR0YWNrLXdpbGwtcmVxdWlyZS1pc3JhZWwtdG8tdXBncmFkZS1pdHMtbWlzc2lsZS1kZWZlbnNlLTEuNzkxMjkzMtIBkAFodHRwczovL3d3dy5oYWFyZXR6LmNvbS9hbXAvbWlkZGxlLWVhc3QtbmV3cy8ucHJlbWl1bS1pcmFuLXMtYXVkYWNpb3VzLXNhdWRpLWF0dGFjay13aWxsLXJlcXVpcmUtaXNyYWVsLXRvLXVwZ3JhZGUtaXRzLW1pc3NpbGUtZGVmZW5zZS0xLjc5MTI5MzI?hl=en-PK&gl=PK&ceid=PK%3Aen
Israel carries out ‘wide-scale strikes’ on Iranian forces in Syria,"Israel says it has hit dozens of targets in Syria belonging to the government and allied Iranian forces. The Israeli military says the ""wide-scale strikes"" responded ...",BBC News,https://www.news.google.com/./articles/CBMiM2h0dHBzOi8vd3d3LmJiYy5jb20vbmV3cy93b3JsZC1taWRkbGUtZWFzdC01MDQ4NTUyMdIBN2h0dHBzOi8vd3d3LmJiYy5jb20vbmV3cy9hbXAvd29ybGQtbWlkZGxlLWVhc3QtNTA0ODU1MjE?hl=en-PK&gl=PK&ceid=PK%3Aen
"Trump Presidency Has Sunk Iranians' Views of the United States, Poll Reveals","There is no doubt that U.S. President Donald Trump's “maximum pressure” campaign against Iran has put the squeeze on the country, forcing international ...",Foreign Policy,https://www.news.google.com/./articles/CAIiEAOAvA37c2zjQXwZNUEV55AqGQgEKhAIACoHCAow0sSICzDyn4cDMLmInAY?hl=en-PK&gl=PK&ceid=PK%3Aen
How Iran's Supreme Leader Is Outmatching Trump,"Reuel Marc Gerecht is a former CIA case officer and an expert on Iran who is a senior fellow at the Foundation for Defense of Democracies. Gerecht, a Persian ...",Foreign Policy,https://www.news.google.com/./articles/CAIiENcmBZmlbCFUlfhOYzugy8sqGQgEKhAIACoHCAow0sSICzDyn4cDMKKUrwY?hl=en-PK&gl=PK&ceid=PK%3Aen
This is how easily the U.S. and Iran could blunder into war,"As tensions mount between the United States and Iran, American and Iranian leaders publicly insist they want to avoid war. Yet history is littered with accidents, ...",The Washington Post,https://www.news.google.com/./articles/CAIiEKLtDxQC0eChQzv-JLqDwSoqGAgEKg8IACoHCAowjtSUCjC30XQwzqe5AQ?hl=en-PK&gl=PK&ceid=PK%3Aen
U.S. Puts Iran on Notice and Weighs Response to Attack on Oil Tankers,"WASHINGTON — The Trump administration began an urgent debate on Friday over how to respond to what officials say has grown into a shadow war with Iran, ...",The New York Times,https://www.news.google.com/./articles/CAIiEG0WK5wbjgBdozWvSjTefmUqFwgEKg8IACoHCAowjuuKAzCWrzww9oEY?hl=en-PK&gl=PK&ceid=PK%3Aen
Iran’s Supreme Leader Vows Never to Capitulate to U.S. Sanctions,"In his first public comments since President Trump aborted an imminent attack on Iran last week, its top leader on Wednesday ruled out any negotiations with ...",The New York Times,https://www.news.google.com/./articles/CAIiEJ4EkHhxhdXEXlsJOZzCAR8qFwgEKg8IACoHCAowjuuKAzCWrzww5oEY?hl=en-PK&gl=PK&ceid=PK%3Aen
Pentagon Builds Deterrent Force Against Possible Iranian Attack,"The Defense Department is deploying an antimissile battery, a limited step taken in part because an intelligence analysis concluded that Iran is trying to provoke ...",The New York Times,https://www.news.google.com/./articles/CAIiEElf1C24CfsPzQs7Su-cnGgqFwgEKg8IACoHCAowjuuKAzCWrzww9oEY?hl=en-PK&gl=PK&ceid=PK%3Aen
What a War With Iran Would Look Like,"As tensions between the Iran and United States rise, Ilan Goldenberg examines how a potential war between the two might unfold.",Foreign Affairs Magazine,https://www.news.google.com/./articles/CAIiEFPTYS1LalwRTu2vwotCAr0qFwgEKg4IACoGCAowwM8TMNDBAjDS2LQG?hl=en-PK&gl=PK&ceid=PK%3Aen
Pompeo says willing to go to Iran as he calls on UK to join naval force in Gulf,"The US secretary of state said on Friday he was willing to travel to Iran for talks, as reports emerged that the regime had test-fired a medium-range missile.",The Telegraph,https://www.news.google.com/./articles/CAIiEAye8cn7AushetZsQCFtuf0qFggEKg4IACoGCAowm6R6MMKqCTCfrxU?hl=en-PK&gl=PK&ceid=PK%3Aen
Trump's Deployment of Troops to Saudi Arabia Won't Make Up for Abandoning Syria and Letting Iran Launch Attacks With Impunity,"The Carter Doctrine, which calls for a U.S. military response to any outside effort to threaten or seize oil fields in the Persian Gulf, is dead, and the Defense ...",Foreign Policy,https://www.news.google.com/./articles/CAIiENhG_XP8tUh6jp1oM8mxB0IqGQgEKhAIACoHCAow0sSICzDyn4cDMKKUrwY?hl=en-PK&gl=PK&ceid=PK%3Aen
US president says war would be 'end' of Iran as tensions rise,"US President Donald Trump has issued a stern warning to Iran, suggesting it will be destroyed if a conflict breaks out between the two countries. ""If Iran wants to ...",BBC News,https://www.news.google.com/./articles/CBMiMWh0dHBzOi8vd3d3LmJiYy5jb20vbmV3cy93b3JsZC11cy1jYW5hZGEtNDgzMjk4NTLSATVodHRwczovL3d3dy5iYmMuY29tL25ld3MvYW1wL3dvcmxkLXVzLWNhbmFkYS00ODMyOTg1Mg?hl=en-PK&gl=PK&ceid=PK%3Aen
"White House Reviews Military Plans Against Iran, in Echoes of Iraq War","The plans call for up to 120000 American troops but not a land invasion of Iran. They were updated at the request of John R. Bolton, the national security adviser.",The New York Times,https://www.news.google.com/./articles/CAIiEDwzfTPri1lf_DkhKbu_asMqFwgEKg8IACoHCAowjuuKAzCWrzwwqIQY?hl=en-PK&gl=PK&ceid=PK%3Aen
The U.S.-Iran showdown: What’s happened in the week since two tankers were attacked,Confused about what's going on with Iran? Here's the rundown.,The Washington Post,https://www.news.google.com/./articles/CAIiEAEnsPYUup7gXTmBpvxoGbcqGAgEKg8IACoHCAowjtSUCjC30XQwn6G5AQ?hl=en-PK&gl=PK&ceid=PK%3Aen
Israel Is Escalating Its Shadow War With Iran. Here's What to Know,"The protracted shadow war between Israel and Iran has spilled beyond the borders of Syria following a series of attacks in Iraq and Lebanon blamed on Israel, ...",TIME,https://www.news.google.com/./articles/CAIiEAVKHmJFnh9veSI4xgebl_cqGQgEKhAIACoHCAowmICNCzDjmZ4DMLnnuQY?hl=en-PK&gl=PK&ceid=PK%3Aen
U.S. Carried Out Cyberattacks on Iran,The operation went forward because it was intended to be below the threshold of armed conflict — using the same shadow tactics that Iran has used.,The New York Times,https://www.news.google.com/./articles/CAIiEAvGDgsUbaATgmjU-W9w8xUqFwgEKg8IACoHCAowjuuKAzCWrzww5oEY?hl=en-PK&gl=PK&ceid=PK%3Aen
